segment,customers,avg_recency,avg_frequency,avg_monetary,churn_rate
0,430,20.32093023255814,351.3860465116279,6607.4980837209305,0.023255813953488372
1,1051,246.82588011417698,27.894386298763084,402.72830066603234,1.0
2,2873,45.950922380786636,64.32683605986773,1142.1856435781413,0.13748694744169856
3,23,17.130434782608695,1409.0869565217392,36877.19217391305,0.08695652173913043
4,3,6.0,1716.6666666666667,256270.11,0.0
5,3,1.3333333333333333,4917.0,61743.950000000004,0.0
